nombre,posicion,equipo,ecr,sd,mejor,peor,fecha
Ja'Marr Chase,WR,CIN,1.6,0.9,1.0,4.0,2026-08-28
Jahmyr Gibbs,RB,DET,2.5,1.3,1.0,7.0,2026-08-28
Puka Nacua,WR,LAR,3.2,1.2,1.0,8.0,2026-08-28
Bijan Robinson,RB,ATL,4.1,1.4,2.0,7.0,2026-08-28
Jaxon Smith-Njigba,WR,SEA,4.7,1.3,1.0,8.0,2026-08-28
Amon-Ra St. Brown,WR,DET,5.4,1.3,3.0,9.0,2026-08-28
CeeDee Lamb,WR,DAL,9.0,1.8,6.0,16.0,2026-08-28
Christian McCaffrey,RB,SF,9.2,4.3,5.0,24.0,2026-08-28
Justin Jefferson,WR,MIN,9.4,2.3,4.0,20.0,2026-08-28
Jonathan Taylor,RB,IND,11.9,5.3,7.0,33.0,2026-08-28
Drake London,WR,ATL,12.9,3.8,8.0,26.0,2026-08-28
A.J. Brown,WR,NE,14.2,5.5,6.0,35.0,2026-08-28
James Cook III,RB,BUF,16.0,6.5,7.0,34.0,2026-08-28
Nico Collins,WR,HOU,16.0,3.9,9.0,28.0,2026-08-28
Chase Brown,RB,CIN,17.9,5.6,8.0,34.0,2026-08-28
Chris Olave,WR,NO,18.0,5.7,9.0,36.0,2026-08-28
Brock Bowers,TE,LV,19.0,5.0,11.0,57.0,2026-08-28
George Pickens,WR,DAL,20.4,6.1,9.0,40.0,2026-08-28
De'Von Achane,RB,MIA,21.0,7.1,10.0,43.0,2026-08-28
Trey McBride,TE,ARI,21.0,6.2,16.0,57.0,2026-08-28
DeVonta Smith,WR,PHI,24.0,6.8,12.0,45.0,2026-08-28
Saquon Barkley,RB,PHI,24.4,7.0,10.0,39.0,2026-08-28
Malik Nabers,WR,NYG,24.5,9.1,11.0,51.0,2026-08-28
Rashee Rice,WR,KC,24.7,9.1,9.0,48.0,2026-08-28
Omarion Hampton,RB,LAC,25.6,7.7,7.0,47.0,2026-08-28
Josh Allen,QB,BUF,25.8,2.7,21.0,39.0,2026-08-28
Kenneth Walker III,RB,KC,26.1,8.4,12.0,53.0,2026-08-28
Ashton Jeanty,RB,LV,26.4,9.2,11.0,53.0,2026-08-28
Garrett Wilson,WR,NYJ,29.6,7.8,12.0,47.0,2026-08-28
Zay Flowers,WR,BAL,30.3,8.3,15.0,48.0,2026-08-28
Lamar Jackson,QB,BAL,32.1,8.8,25.0,61.0,2026-08-28
Jaylen Waddle,WR,DEN,34.8,7.8,18.0,62.0,2026-08-28
Ladd McConkey,WR,LAC,34.9,7.2,18.0,51.0,2026-08-28
Tetairoa McMillan,WR,CAR,35.6,6.9,18.0,50.0,2026-08-28
Tee Higgins,WR,CIN,36.9,6.9,19.0,51.0,2026-08-28
Colston Loveland,TE,CHI,37.4,13.7,22.0,95.0,2026-08-28
Drake Maye,QB,NE,37.7,12.7,26.0,74.0,2026-08-28
Derrick Henry,RB,BAL,37.7,8.5,16.0,47.0,2026-08-28
Breece Hall,RB,NYJ,39.9,6.0,28.0,56.0,2026-08-28
Emeka Egbuka,WR,TB,40.8,7.3,15.0,62.0,2026-08-28
Jeremiyah Love,RB,ARI,41.4,8.2,27.0,65.0,2026-08-28
Kyren Williams,RB,LAR,41.5,6.7,24.0,59.0,2026-08-28
Javonte Williams,RB,DAL,44.6,6.0,31.0,61.0,2026-08-28
Joe Burrow,QB,CIN,45.8,12.9,27.0,72.0,2026-08-28
Josh Jacobs,RB,GB,46.9,8.4,24.0,67.0,2026-08-28
Luther Burden III,WR,CHI,47.0,8.8,20.0,69.0,2026-08-28
Terry McLaurin,WR,WAS,47.2,6.2,26.0,68.0,2026-08-28
Travis Etienne Jr.,RB,NO,47.6,7.6,31.0,65.0,2026-08-28
Davante Adams,WR,LAR,50.1,8.1,29.0,69.0,2026-08-28
DJ Moore,WR,BUF,52.1,12.6,19.0,100.0,2026-08-28
Tyler Warren,TE,IND,53.1,10.9,22.0,73.0,2026-08-28
Jayden Daniels,QB,WAS,53.2,15.6,27.0,101.0,2026-08-28
D'Andre Swift,RB,CHI,54.7,8.0,34.0,75.0,2026-08-28
Jameson Williams,WR,DET,54.7,10.3,40.0,96.0,2026-08-28
Mike Evans,WR,SF,56.2,10.7,38.0,83.0,2026-08-28
Jalen Hurts,QB,PHI,56.5,12.8,30.0,79.0,2026-08-28
Cam Skattebo,RB,NYG,57.4,8.4,41.0,77.0,2026-08-28
Rome Odunze,WR,CHI,57.5,9.5,40.0,88.0,2026-08-28
Christian Watson,WR,GB,57.6,10.8,38.0,107.0,2026-08-28
Bucky Irving,RB,TB,58.7,9.0,41.0,80.0,2026-08-28
David Montgomery,RB,HOU,61.4,8.6,43.0,78.0,2026-08-28
Quinshon Judkins,RB,CLE,62.0,9.2,39.0,78.0,2026-08-28
Parker Washington,WR,JAC,63.3,16.2,40.0,110.0,2026-08-28
Caleb Williams,QB,CHI,67.1,12.6,37.0,98.0,2026-08-28
Bhayshul Tuten,RB,JAC,67.2,9.6,43.0,93.0,2026-08-28
Carnell Tate,WR,TEN,68.3,14.8,45.0,116.0,2026-08-28
Marvin Harrison Jr.,WR,ARI,68.6,12.4,40.0,110.0,2026-08-28
TreVeyon Henderson,RB,NE,71.0,9.9,46.0,96.0,2026-08-28
Justin Herbert,QB,LAC,71.6,13.7,30.0,105.0,2026-08-28
Jadarian Price,RB,SEA,73.2,12.1,47.0,127.0,2026-08-28
Harold Fannin Jr.,TE,CLE,73.4,11.8,54.0,112.0,2026-08-28
Chris Godwin Jr.,WR,TB,76.5,14.2,45.0,121.0,2026-08-28
Rhamondre Stevenson,RB,NE,77.3,9.4,56.0,117.0,2026-08-28
Jaylen Warren,RB,PIT,77.3,8.0,65.0,99.0,2026-08-28
Trevor Lawrence,QB,JAC,77.8,13.1,54.0,105.0,2026-08-28
Dak Prescott,QB,DAL,78.2,11.8,54.0,105.0,2026-08-28
DK Metcalf,WR,PIT,78.9,12.6,48.0,115.0,2026-08-28
Kyle Pitts Sr.,TE,ATL,78.9,10.9,61.0,131.0,2026-08-28
Brian Thomas Jr.,WR,JAC,80.0,13.7,49.0,123.0,2026-08-28
Michael Pittman Jr.,WR,PIT,80.4,14.4,45.0,117.0,2026-08-28
Tucker Kraft,TE,GB,80.5,13.7,32.0,106.0,2026-08-28
Courtland Sutton,WR,DEN,83.3,14.6,49.0,116.0,2026-08-28
Tony Pollard,RB,TEN,85.0,10.4,67.0,120.0,2026-08-28
Wan'Dale Robinson,WR,TEN,85.6,14.6,48.0,123.0,2026-08-28
Sam LaPorta,TE,DET,85.8,14.0,54.0,131.0,2026-08-28
Josh Downs,WR,IND,87.2,14.9,52.0,133.0,2026-08-28
Michael Wilson,WR,ARI,88.4,16.5,52.0,133.0,2026-08-28
Rico Dowdle,RB,PIT,88.8,12.9,65.0,122.0,2026-08-28
Jonathon Brooks,RB,CAR,90.8,18.6,61.0,152.0,2026-08-28
Quentin Johnston,WR,LAC,95.8,14.0,64.0,134.0,2026-08-28
Stefon Diggs,WR,WAS,96.5,32.1,48.0,215.0,2026-08-28
Brock Purdy,QB,SF,96.5,10.0,63.0,119.0,2026-08-28
Jaxson Dart,QB,NYG,97.5,12.9,59.0,119.0,2026-08-28
RJ Harvey,RB,DEN,97.5,16.5,65.0,140.0,2026-08-28
Travis Kelce,TE,KC,98.5,14.8,66.0,139.0,2026-08-28
George Kittle,TE,SF,98.9,18.8,66.0,229.0,2026-08-28
Chuba Hubbard,RB,CAR,98.9,16.8,72.0,143.0,2026-08-28
Bo Nix,QB,DEN,99.3,10.0,70.0,125.0,2026-08-28
Kenny Gainwell,RB,TB,100.1,13.8,77.0,141.0,2026-08-28
Alec Pierce,WR,IND,100.3,20.3,62.0,142.0,2026-08-28
J.K. Dobbins,RB,DEN,100.5,15.3,78.0,127.0,2026-08-28
Patrick Mahomes II,QB,KC,101.5,11.4,63.0,132.0,2026-08-28
Jayden Reed,WR,GB,104.2,13.9,76.0,133.0,2026-08-28
Matthew Stafford,QB,LAR,104.3,12.8,63.0,129.0,2026-08-28
Jakobi Meyers,WR,JAC,104.5,18.2,68.0,150.0,2026-08-28
Jordan Addison,WR,MIN,105.6,15.9,71.0,165.0,2026-08-28
Jared Goff,QB,DET,106.4,10.3,63.0,131.0,2026-08-28
Makai Lemon,WR,PHI,109.7,17.8,71.0,149.0,2026-08-28
Rachaad White,RB,WAS,111.9,16.1,78.0,156.0,2026-08-28
Blake Corum,RB,LAR,112.1,13.8,80.0,143.0,2026-08-28
Dalton Kincaid,TE,BUF,112.4,16.1,85.0,155.0,2026-08-28
Kyler Murray,QB,MIN,112.8,8.6,92.0,134.0,2026-08-28
Jacory Croskey-Merritt,RB,WAS,113.7,15.8,72.0,135.0,2026-08-28
Jordan Mason,RB,MIN,115.7,16.3,75.0,152.0,2026-08-28
Aaron Jones Sr.,RB,MIN,115.8,17.3,77.0,156.0,2026-08-28
Kyle Monangai,RB,CHI,117.0,14.2,84.0,162.0,2026-08-28
Dallas Goedert,TE,PHI,117.2,17.2,85.0,173.0,2026-08-28
KC Concepcion,WR,CLE,118.1,28.9,71.0,289.0,2026-08-28
Baker Mayfield,QB,TB,118.4,9.7,70.0,141.0,2026-08-28
Jake Ferguson,TE,DAL,118.5,19.5,73.0,181.0,2026-08-28
Jordan Love,QB,GB,119.0,9.5,92.0,144.0,2026-08-28
Isaiah Likely,TE,NYG,123.1,29.2,87.0,236.0,2026-08-28
Khalil Shakir,WR,BUF,123.4,17.7,83.0,201.0,2026-08-28
Tyler Shough,QB,NO,124.3,13.7,98.0,207.0,2026-08-28
Jalen Coker,WR,CAR,124.7,17.6,81.0,176.0,2026-08-28
Romeo Doubs,WR,NE,127.3,16.1,81.0,176.0,2026-08-28
Matthew Golden,WR,GB,128.8,20.7,76.0,195.0,2026-08-28
Xavier Worthy,WR,KC,129.3,14.9,91.0,184.0,2026-08-28
Malik Willis,QB,MIA,130.0,22.7,98.0,255.0,2026-08-28
Mark Andrews,TE,BAL,131.7,23.7,87.0,229.0,2026-08-28
De'Zhaun Stribling,WR,SF,133.0,42.7,71.0,281.0,2026-08-28
Juwan Johnson,TE,NO,134.2,22.5,87.0,226.0,2026-08-28
Jordyn Tyson,WR,NO,135.2,28.8,91.0,241.0,2026-08-28
Woody Marks,RB,HOU,137.2,13.9,93.0,168.0,2026-08-28
Deebo Samuel Sr.,WR,SF,138.5,32.3,81.0,232.0,2026-08-28
Tyler Allgeier,RB,ARI,138.7,12.2,117.0,177.0,2026-08-28
Tyjae Spears,RB,TEN,139.4,18.2,93.0,197.0,2026-08-28
Sam Darnold,QB,SEA,139.9,14.3,113.0,208.0,2026-08-28
Chris Rodriguez Jr.,RB,JAC,140.0,18.0,102.0,228.0,2026-08-28
C.J. Stroud,QB,HOU,145.3,18.1,108.0,236.0,2026-08-28
Daniel Jones,QB,IND,148.0,24.9,113.0,255.0,2026-08-28
Rashid Shaheed,WR,SEA,148.8,16.1,123.0,205.0,2026-08-28
Dylan Sampson,RB,CLE,148.9,19.7,93.0,219.0,2026-08-28
Denzel Boston,WR,CLE,150.6,33.4,100.0,305.0,2026-08-28
Keaton Mitchell,RB,LAC,151.5,27.8,102.0,301.0,2026-08-28
Houston Texans,DST,HOU,152.9,5.6,143.0,175.0,2026-08-28
Zach Charbonnet,RB,SEA,154.2,27.8,117.0,275.0,2026-08-28
Jonah Coleman,RB,DEN,156.4,30.1,116.0,304.0,2026-08-28
Cam Ward,QB,TEN,156.6,21.1,128.0,255.0,2026-08-28
Brenton Strange,TE,JAC,159.0,23.7,112.0,226.0,2026-08-28
Chig Okonkwo,TE,WAS,160.4,24.9,112.0,228.0,2026-08-28
Tyrone Tracy Jr.,RB,NYG,162.2,34.3,117.0,274.0,2026-08-28
Tre Tucker,WR,LV,163.0,25.9,116.0,247.0,2026-08-28
Dalton Schultz,TE,HOU,163.7,23.6,111.0,209.0,2026-08-28
Denver Broncos,DST,DEN,163.9,7.7,149.0,210.0,2026-08-28
Isiah Pacheco,RB,DET,164.0,24.4,127.0,252.0,2026-08-28
Hunter Henry,TE,NE,164.7,23.0,112.0,229.0,2026-08-28
Mike Washington Jr.,RB,LV,165.4,38.1,101.0,308.0,2026-08-28
Alvin Kamara,RB,NO,166.1,33.7,117.0,278.0,2026-08-28
Jauan Jennings,WR,MIN,166.5,31.6,109.0,282.0,2026-08-28
Adonai Mitchell,WR,NYJ,166.8,25.6,110.0,232.0,2026-08-28
Seattle Seahawks,DST,SEA,167.8,12.7,148.0,280.0,2026-08-28
Los Angeles Rams,DST,LAR,167.9,8.2,144.0,206.0,2026-08-28
Jerry Jeudy,WR,CLE,168.0,26.9,121.0,262.0,2026-08-28
Tank Bigsby,RB,PHI,171.5,24.7,133.0,243.0,2026-08-28
Bryce Young,QB,CAR,172.1,30.1,134.0,326.0,2026-08-28
Jalen McMillan,WR,TB,172.6,26.6,133.0,293.0,2026-08-28
Philadelphia Eagles,DST,PHI,174.9,9.4,156.0,235.0,2026-08-28
Braelon Allen,RB,NYJ,175.4,30.2,122.0,288.0,2026-08-28
Brian Robinson Jr.,RB,ATL,177.1,21.6,134.0,243.0,2026-08-28
MarShawn Lloyd,RB,GB,179.0,50.9,118.0,327.0,2026-08-28
Kayshon Boutte,WR,HOU,179.4,29.0,126.0,273.0,2026-08-28
Omar Cooper Jr.,WR,NYJ,180.8,37.4,126.0,315.0,2026-08-28
Tre' Harris,WR,LAC,181.2,29.0,121.0,273.0,2026-08-28
Ryan Flournoy,WR,DAL,184.8,30.4,136.0,328.0,2026-08-28
Brandon Aubrey,K,DAL,185.3,8.3,129.0,193.0,2026-08-28
Minnesota Vikings,DST,MIN,185.9,12.1,164.0,252.0,2026-08-28
Pittsburgh Steelers,DST,PIT,186.3,8.8,161.0,239.0,2026-08-28
Dontayvion Wicks,WR,PHI,186.7,34.6,107.0,289.0,2026-08-28
New England Patriots,DST,NE,186.7,19.0,160.0,356.0,2026-08-28
Jacksonville Jaguars,DST,JAC,189.4,17.5,151.0,280.0,2026-08-28
Emmett Johnson,RB,KC,189.7,35.2,143.0,283.0,2026-08-28
Travis Hunter,WR,JAC,189.8,40.5,96.0,305.0,2026-08-28
Jalen Nailor,WR,LV,190.3,33.1,116.0,302.0,2026-08-28
T.J. Hockenson,TE,MIN,190.3,27.4,112.0,298.0,2026-08-28
Malik Washington,WR,MIA,190.6,32.9,128.0,289.0,2026-08-28
Pat Bryant,WR,DEN,190.7,31.3,116.0,293.0,2026-08-28
Ka'imi Fairbairn,K,HOU,191.8,7.6,134.0,212.0,2026-08-28
Los Angeles Chargers,DST,LAC,193.5,22.4,162.0,356.0,2026-08-28
Keenan Allen,WR,IND,193.7,59.8,100.0,303.0,2026-08-28
Jacoby Brissett,QB,ARI,194.4,40.9,129.0,338.0,2026-08-28
Ray Davis,RB,BUF,194.4,33.9,145.0,271.0,2026-08-28
Cameron Dicker,K,LAC,194.6,15.8,150.0,333.0,2026-08-28
Baltimore Ravens,DST,BAL,198.2,23.3,161.0,356.0,2026-08-28
Cam Little,K,JAC,198.9,8.6,168.0,253.0,2026-08-28
Jason Myers,K,SEA,200.1,9.0,171.0,253.0,2026-08-28
Jaylin Noel,WR,HOU,200.4,30.3,140.0,319.0,2026-08-28
Kimani Vidal,RB,LAC,201.2,35.8,157.0,317.0,2026-08-28
Calvin Ridley,WR,TEN,202.3,34.0,133.0,312.0,2026-08-28
Green Bay Packers,DST,GB,204.2,21.0,183.0,280.0,2026-08-28
Sean Tucker,RB,TB,204.7,37.1,148.0,337.0,2026-08-28
Eddy Pineiro,K,SF,207.9,10.5,175.0,250.0,2026-08-28
AJ Barner,TE,SEA,208.2,25.7,124.0,268.0,2026-08-28
Greg Dulcich,TE,MIA,208.5,38.5,131.0,306.0,2026-08-28
Tyler Loop,K,BAL,208.7,11.9,181.0,257.0,2026-08-28
Kansas City Chiefs,DST,KC,209.5,18.5,178.0,280.0,2026-08-28
Caleb Douglas,WR,MIA,211.1,56.5,115.0,341.0,2026-08-28
James Conner,RB,ARI,211.4,43.6,130.0,332.0,2026-08-28
Tank Dell,WR,HOU,211.4,33.2,136.0,350.0,2026-08-28
Oronde Gadsden II,TE,LAC,211.7,42.6,97.0,295.0,2026-08-28
Terrance Ferguson,TE,LAR,212.7,42.9,112.0,281.0,2026-08-28
Evan McPherson,K,CIN,215.9,16.2,173.0,282.0,2026-08-28
Troy Franklin,WR,DEN,216.2,40.0,142.0,341.0,2026-08-28
Cairo Santos,K,CHI,216.3,12.8,179.0,282.0,2026-08-28
Aaron Rodgers,QB,PIT,216.7,37.9,153.0,341.0,2026-08-28
Isaac TeSlaa,WR,DET,217.8,25.8,165.0,302.0,2026-08-28
Nicholas Singleton,RB,TEN,218.9,38.1,148.0,323.0,2026-08-28
Darnell Mooney,WR,NYG,219.0,27.3,163.0,362.0,2026-08-28
Cleveland Browns,DST,CLE,219.3,31.5,183.0,318.0,2026-08-28
Detroit Lions,DST,DET,220.3,26.3,174.0,330.0,2026-08-28
Gunnar Helm,TE,TEN,220.4,31.2,143.0,316.0,2026-08-28
Washington Commanders,DST,WAS,220.8,61.5,190.0,358.0,2026-08-28
Jake Bates,K,DET,221.1,16.1,185.0,282.0,2026-08-28
Geno Smith,QB,NYJ,222.4,35.3,147.0,342.0,2026-08-28
Cyrus Allen,WR,KC,222.4,58.2,123.0,376.0,2026-08-28
Ja'Kobi Lane,WR,BAL,222.6,48.3,140.0,326.0,2026-08-28
Kenyon Sadiq,TE,NYJ,222.6,34.8,138.0,375.0,2026-08-28
Cooper Kupp,WR,SEA,223.0,27.7,142.0,289.0,2026-08-28
Andy Borregales,K,NE,223.4,18.7,188.0,286.0,2026-08-28
Rashod Bateman,WR,BAL,226.1,29.8,150.0,327.0,2026-08-28
Jaydon Blue,RB,DAL,226.5,42.7,145.0,321.0,2026-08-28
Chase McLaughlin,K,TB,227.1,19.5,180.0,286.0,2026-08-28
Harrison Mevis,K,LAR,227.3,23.1,193.0,333.0,2026-08-28
Buffalo Bills,DST,BUF,227.4,26.6,189.0,349.0,2026-08-28
Emanuel Wilson,RB,SEA,228.9,40.5,132.0,393.0,2026-08-28
Brandon McManus,K,FA,229.8,42.5,198.0,314.0,2026-08-28
Kaytron Allen,RB,WAS,232.2,38.4,156.0,343.0,2026-08-28
Germie Bernard,WR,PIT,233.4,30.7,166.0,328.0,2026-08-28
Antonio Williams,WR,WAS,233.9,40.4,136.0,362.0,2026-08-28
Tennessee Titans,DST,TEN,234.8,59.0,161.0,355.0,2026-08-28
Zachariah Branch,WR,ATL,235.1,34.3,160.0,316.0,2026-08-28
Malachi Fields,WR,NYG,236.1,35.1,137.0,328.0,2026-08-28
Justice Hill,RB,BAL,236.5,40.5,141.0,327.0,2026-08-28
Jaylen Wright,RB,MIA,236.6,28.2,162.0,308.0,2026-08-28
Daniel Carlson,K,NO,236.8,26.1,209.0,282.0,2026-08-28
Kaelon Black,RB,SF,237.8,51.0,128.0,327.0,2026-08-28
Pat Freiermuth,TE,PIT,238.5,27.3,155.0,333.0,2026-08-28
Jack Bech,WR,LV,239.0,33.1,140.0,391.0,2026-08-28
Cade Otton,TE,TB,239.9,24.9,178.0,320.0,2026-08-28
Spencer Shrader,K,IND,241.7,21.9,211.0,261.0,2026-08-28
Chris Boswell,K,PIT,242.0,18.8,195.0,282.0,2026-08-28
Harrison Butker,K,KC,242.7,25.0,192.0,333.0,2026-08-28
Ted Hurst III,WR,TB,243.0,39.9,154.0,391.0,2026-08-28
Ben Sauls,K,NYG,243.4,34.7,192.0,282.0,2026-08-28
Joey Slye,K,TEN,243.5,59.7,199.0,370.0,2026-08-28
George Holani,RB,SEA,243.5,41.6,154.0,332.0,2026-08-28
Chris Bell,WR,MIA,244.0,35.0,154.0,310.0,2026-08-28
Chimere Dike,WR,TEN,244.4,37.2,165.0,344.0,2026-08-28
Keon Coleman,WR,BUF,246.9,32.1,154.0,331.0,2026-08-28
Ryan Fitzgerald,K,CAR,247.5,57.9,203.0,368.0,2026-08-28
Devaughn Vele,WR,NO,248.6,36.9,154.0,302.0,2026-08-28
Ollie Gordon II,RB,MIA,248.7,30.6,162.0,332.0,2026-08-28
Jake Moody,K,FA,249.0,33.0,216.0,282.0,2026-08-28
Dallas Cowboys,DST,DAL,249.3,51.8,183.0,356.0,2026-08-28
Najee Harris,RB,NYG,249.4,50.9,160.0,360.0,2026-08-28
David Njoku,TE,LAC,250.3,30.0,144.0,355.0,2026-08-28
Elic Ayomanor,WR,TEN,251.8,33.5,180.0,350.0,2026-08-28
Demond Claiborne,RB,MIN,252.0,35.1,160.0,354.0,2026-08-28
New York Giants,DST,NYG,253.0,52.7,172.0,357.0,2026-08-28
Blake Grupe,K,IND,253.4,59.0,205.0,364.0,2026-08-28
Will Reichard,K,MIN,253.6,29.4,183.0,332.0,2026-08-28
Nick Folk,K,ATL,253.6,58.0,187.0,366.0,2026-08-28
Isaiah Davis,RB,NYJ,254.0,27.6,162.0,326.0,2026-08-28
Evan Engram,TE,DEN,254.0,25.2,195.0,306.0,2026-08-28
Las Vegas Raiders,DST,LV,255.6,69.3,170.0,360.0,2026-08-28
San Francisco 49ers,DST,SF,257.6,30.2,165.0,356.0,2026-08-28
Trey Smack,K,GB,258.2,48.2,205.0,353.0,2026-08-28
New York Jets,DST,NYJ,258.2,68.3,191.0,361.0,2026-08-28
Ty Johnson,RB,BUF,259.3,30.4,162.0,332.0,2026-08-28
Fernando Mendoza,QB,LV,259.5,37.9,159.0,368.0,2026-08-28
New Orleans Saints,DST,NO,260.5,37.8,172.0,337.0,2026-08-28
Elijah Sarratt,WR,BAL,261.6,24.3,204.0,323.0,2026-08-28
Tory Horton,WR,SEA,261.7,27.1,208.0,369.0,2026-08-28
LeQuint Allen Jr.,RB,JAC,262.4,30.2,160.0,343.0,2026-08-28
Samaje Perine,RB,CIN,262.4,39.6,152.0,331.0,2026-08-28
Chicago Bears,DST,CHI,263.0,51.1,167.0,355.0,2026-08-28
Christian Kirk,WR,SF,264.6,33.0,176.0,374.0,2026-08-28
Xavier Legette,WR,CAR,264.7,30.0,195.0,332.0,2026-08-28
Darius Slayton,WR,NYG,264.8,26.1,184.0,334.0,2026-08-28
Tyquan Thornton,WR,KC,264.9,31.6,166.0,373.0,2026-08-28
Jordan James,RB,SF,264.9,35.8,164.0,343.0,2026-08-28
Wil Lutz,K,DEN,265.0,28.7,182.0,333.0,2026-08-28
Cincinnati Bengals,DST,CIN,265.4,63.3,185.0,356.0,2026-08-28
Colby Parkinson,TE,LAR,265.9,20.3,215.0,345.0,2026-08-28
Darren Waller,TE,CAR,267.9,35.8,209.0,357.0,2026-08-28
Marvin Mims Jr.,WR,DEN,268.0,26.5,208.0,369.0,2026-08-28
Atlanta Falcons,DST,ATL,268.0,41.2,167.0,356.0,2026-08-28
Alec Ingold,RB,LAC,270.5,7.5,263.0,278.0,2026-08-28
Tampa Bay Buccaneers,DST,TB,271.1,59.7,187.0,356.0,2026-08-28
Chris Brooks,RB,GB,271.1,29.5,175.0,358.0,2026-08-28
Devin Neal,RB,NO,271.6,33.2,201.0,364.0,2026-08-28
Tua Tagovailoa,QB,ATL,272.0,34.7,139.0,348.0,2026-08-28
DJ Giddens,RB,IND,272.3,23.5,222.0,327.0,2026-08-28
Mike Gesicki,TE,CIN,273.1,23.7,226.0,352.0,2026-08-28
Brandon Aiyuk,WR,SF,273.2,48.5,163.0,381.0,2026-08-28
Malik Davis,RB,DAL,273.9,30.0,177.0,358.0,2026-08-28
Chad Ryland,K,ARI,274.1,66.7,197.0,369.0,2026-08-28
Mason Taylor,TE,NYJ,274.3,27.6,200.0,336.0,2026-08-28
Seth McGowan,RB,IND,274.4,40.1,175.0,343.0,2026-08-28
Kyle Williams,WR,NE,275.0,33.2,202.0,369.0,2026-08-28
Indianapolis Colts,DST,IND,275.1,36.6,171.0,356.0,2026-08-28
Trey Benson,RB,ARI,276.2,36.7,160.0,349.0,2026-08-28
Jahan Dotson,WR,ATL,276.8,48.8,154.0,374.0,2026-08-28
Andrei Iosivas,WR,CIN,276.9,34.0,195.0,359.0,2026-08-28
Josh Williams,RB,TB,278.0,35.0,243.0,313.0,2026-08-28
Carolina Panthers,DST,CAR,278.3,55.0,185.0,356.0,2026-08-28
Tyler Bass,K,BUF,278.6,45.5,193.0,359.0,2026-08-28
DeMario Douglas,WR,NE,278.9,58.7,168.0,385.0,2026-08-28
Miami Dolphins,DST,MIA,280.3,77.0,185.0,359.0,2026-08-28
Zane Gonzalez,K,FA,280.5,53.2,203.0,339.0,2026-08-28
Charlie Smyth,K,NO,280.7,41.7,187.0,333.0,2026-08-28
Theo Johnson,TE,NYG,280.8,28.1,203.0,349.0,2026-08-28
Mack Hollins,WR,NE,282.1,34.6,199.0,387.0,2026-08-28
Tyreek Hill,WR,FA,282.6,41.5,192.0,385.0,2026-08-28
Kendre Miller,RB,NO,282.9,33.9,162.0,365.0,2026-08-28
Brashard Smith,RB,KC,283.1,26.0,222.0,366.0,2026-08-28
Charlie Kolar,TE,LAC,284.1,40.2,196.0,382.0,2026-08-28
Eli Stowers,TE,PHI,286.0,37.8,203.0,377.0,2026-08-28
Michael Penix Jr.,QB,ATL,286.5,27.6,199.0,346.0,2026-08-28
Arizona Cardinals,DST,ARI,287.0,75.0,212.0,362.0,2026-08-28
Adam Randall,RB,BAL,287.1,30.2,201.0,337.0,2026-08-28
Xavier Hutchinson,WR,HOU,287.4,58.1,176.0,384.0,2026-08-28
Kirk Cousins,QB,LV,288.5,32.6,179.0,347.0,2026-08-28
Hollywood Brown,WR,PHI,288.8,23.1,239.0,382.0,2026-08-28
Jake Elliott,K,PHI,289.1,41.9,197.0,365.0,2026-08-28
Emari Demercado,RB,KC,289.6,35.6,162.0,380.0,2026-08-28
Jalen Tolbert,WR,MIA,289.6,46.5,194.0,378.0,2026-08-28
Bryce Lance,WR,NO,289.7,41.5,180.0,351.0,2026-08-28
Deshaun Watson,QB,CLE,289.7,26.1,221.0,346.0,2026-08-28
Drew Stevens,K,WAS,290.3,51.5,250.0,363.0,2026-08-28
Isaiah Bond,WR,CLE,290.5,27.4,224.0,380.0,2026-08-28
Jake Tonges,TE,SF,290.8,33.7,158.0,358.0,2026-08-28
Bam Knight,RB,ARI,292.0,27.4,233.0,337.0,2026-08-28
Kendrick Bourne,WR,ARI,292.6,46.2,224.0,365.0,2026-08-28
Kaleb Johnson,RB,PIT,292.8,32.8,214.0,381.0,2026-08-28
Skyler Bell,WR,BUF,292.8,32.0,222.0,386.0,2026-08-28
Darnell Washington,TE,PIT,293.7,31.0,229.0,356.0,2026-08-28
Tommy Myers,TE,FA,293.8,48.6,254.0,373.0,2026-08-28
Jaleel McLaughlin,RB,DEN,294.5,24.0,233.0,358.0,2026-08-28
Roman Hemby,RB,LV,295.5,22.5,273.0,318.0,2026-08-28
Tyler Badie,RB,DEN,296.0,62.0,234.0,358.0,2026-08-28
Devin Singletary,RB,NYG,297.2,22.5,234.0,366.0,2026-08-28
Isaiah Williams,WR,FA,297.5,76.5,221.0,374.0,2026-08-28
Shedeur Sanders,QB,CLE,297.9,27.2,204.0,348.0,2026-08-28
Kyle Juszczyk,RB,SF,298.6,50.4,201.0,359.0,2026-08-28
Roman Wilson,WR,PIT,298.9,46.7,219.0,382.0,2026-08-28
Michael Mayer,TE,LV,299.3,30.1,241.0,361.0,2026-08-28
Chris Brazzell II,WR,CAR,299.5,36.7,237.0,376.0,2026-08-28
Jarquez Hunter,RB,MIA,299.7,22.2,238.0,368.0,2026-08-28
Elijah Arroyo,TE,SEA,300.8,33.0,209.0,367.0,2026-08-28
Jerome Ford,RB,WAS,301.2,22.8,239.0,365.0,2026-08-28
Isaiah Williams,WR,NYJ,301.6,27.7,264.0,346.0,2026-08-28
Tahj Brooks,RB,CIN,302.0,19.8,231.0,332.0,2026-08-28
Jason Sanders,K,NYJ,302.0,74.0,200.0,373.0,2026-08-28
Joshua Palmer,WR,BUF,302.5,35.9,239.0,376.0,2026-08-28
Trevor Etienne,RB,CAR,302.8,19.4,243.0,337.0,2026-08-28
Isaac Guerendo,RB,SF,303.3,26.0,233.0,379.0,2026-08-28
Max Bredeson,RB,MIN,305.5,4.5,301.0,310.0,2026-08-28
Oscar Delp,TE,NO,305.8,33.0,254.0,381.0,2026-08-28
Eli Heidenreich,RB,PIT,307.3,24.4,263.0,354.0,2026-08-28
Joe Mixon,RB,FA,307.4,27.0,251.0,354.0,2026-08-28
Audric Estime,RB,NO,307.5,21.3,251.0,364.0,2026-08-28
KaVontae Turpin,WR,DAL,308.1,50.6,223.0,376.0,2026-08-28
Konata Mumpfield,WR,LAR,309.3,30.3,258.0,377.0,2026-08-28
Will Shipley,RB,PHI,310.4,18.6,244.0,360.0,2026-08-28
Hunter Luepke,RB,DAL,312.6,14.3,292.0,337.0,2026-08-28
Tez Johnson,WR,TB,312.8,32.9,223.0,386.0,2026-08-28
Olamide Zaccheaus,WR,ATL,313.7,28.6,258.0,371.0,2026-08-28
Erick All Jr.,TE,CIN,314.2,39.5,209.0,409.0,2026-08-28
Kareem Hunt,RB,FA,314.3,21.4,262.0,378.0,2026-08-28
Malik Benson,WR,LV,314.9,47.5,239.0,397.0,2026-08-28
Barion Brown,WR,NO,316.0,59.1,241.0,396.0,2026-08-28
Tai Felton,WR,MIN,316.0,29.2,277.0,350.0,2026-08-28
Jalen Royals,WR,KC,316.3,28.6,265.0,376.0,2026-08-28
Tyler Lockett,WR,LV,316.5,11.5,305.0,328.0,2026-08-28
Brenen Thompson,WR,LAC,316.7,36.1,258.0,396.0,2026-08-28
Raheim Sanders,RB,CLE,317.0,21.6,266.0,363.0,2026-08-28
Sione Vaki,RB,DET,317.0,20.4,275.0,343.0,2026-08-28
Adam Prentice,RB,DEN,317.0,0.0,317.0,317.0,2026-08-28
Jordan Watkins,WR,SF,318.0,3.0,315.0,321.0,2026-08-28
Colbie Young,WR,CIN,318.1,38.6,240.0,380.0,2026-08-28
Treylon Burks,WR,WAS,318.6,44.1,222.0,408.0,2026-08-28
Carson Beck,QB,ARI,318.9,23.3,244.0,359.0,2026-08-28
Luke McCaffrey,WR,WAS,319.2,31.6,257.0,402.0,2026-08-28
Cedric Tillman,WR,FA,319.5,31.3,273.0,391.0,2026-08-28
Roschon Johnson,RB,CHI,319.9,31.7,275.0,387.0,2026-08-28
Van Jefferson,WR,WAS,320.5,38.3,264.0,371.0,2026-08-28
Cole Kmet,TE,CHI,320.6,26.8,259.0,381.0,2026-08-28
Demarcus Robinson,WR,SF,321.2,48.9,241.0,388.0,2026-08-28
Ashton Dulin,WR,IND,321.4,19.4,298.0,370.0,2026-08-28
Dont'e Thornton Jr.,WR,LV,322.4,33.1,272.0,368.0,2026-08-28
Kalif Raymond,WR,CHI,322.8,40.5,245.0,377.0,2026-08-28
Eli Raridon,TE,NE,323.2,37.7,209.0,411.0,2026-08-28
John Metchie III,WR,CAR,323.3,38.3,272.0,375.0,2026-08-28
Tyler Higbee,TE,LAR,323.7,26.4,268.0,379.0,2026-08-28
J.J. McCarthy,QB,MIN,326.1,17.8,281.0,374.0,2026-08-28
Max Klare,TE,LAR,326.8,25.3,274.0,380.0,2026-08-28
Odell Beckham Jr.,WR,NYG,326.8,34.1,262.0,361.0,2026-08-28
Noah Gray,TE,KC,327.2,22.4,290.0,367.0,2026-08-28
Phil Mafah,RB,DAL,327.2,28.4,283.0,383.0,2026-08-28
Devontez Walker,WR,BAL,328.0,37.0,258.0,380.0,2026-08-28
Jawhar Jordan,RB,HOU,328.1,28.4,283.0,407.0,2026-08-28
Patrick Ricard,RB,NYG,328.3,48.0,278.0,393.0,2026-08-28
Kevin Coleman Jr.,WR,MIA,329.5,39.4,241.0,374.0,2026-08-28
Ja'Tavion Sanders,TE,CAR,329.8,32.6,256.0,399.0,2026-08-28
Dawson Knox,TE,BUF,330.0,30.4,268.0,414.0,2026-08-28
British Brooks,RB,HOU,330.0,8.0,322.0,338.0,2026-08-28
Michael Carter,RB,TEN,330.1,28.7,282.0,387.0,2026-08-28
J'Mari Taylor,RB,JAC,330.4,19.2,307.0,364.0,2026-08-28
Lew Nichols III,RB,PIT,331.5,5.5,326.0,337.0,2026-08-28
CJ Daniels,WR,LAR,331.6,31.1,277.0,384.0,2026-08-28
Tutu Atwell,WR,LAR,332.0,39.0,247.0,380.0,2026-08-28
Jacob Saylors,RB,DET,333.0,4.0,329.0,337.0,2026-08-28
Mac Jones,QB,SF,333.5,18.0,294.0,378.0,2026-08-28
Drew Allar,QB,PIT,334.0,8.0,326.0,342.0,2026-08-28
Zavion Thomas,WR,CHI,335.0,29.2,294.0,387.0,2026-08-28
Reggie Gilliam,RB,NE,335.0,32.4,304.0,389.0,2026-08-28
DeAndre Hopkins,WR,BAL,336.0,39.6,287.0,384.0,2026-08-28
Jonnu Smith,TE,GB,336.2,42.7,275.0,387.0,2026-08-28
Tyler Goodson,RB,ATL,336.6,22.2,313.0,373.0,2026-08-28
Robert Henry Jr.,RB,WAS,337.0,48.0,270.0,384.0,2026-08-28
Rasheen Ali,RB,BAL,337.3,24.8,310.0,373.0,2026-08-28
Savion Williams,WR,GB,337.5,24.9,291.0,374.0,2026-08-28
Ronnie Rivers,RB,LAR,338.2,28.5,292.0,365.0,2026-08-28
Ty Chandler,RB,NO,338.3,47.5,278.0,394.0,2026-08-28
Dylan Laube,RB,LV,338.6,18.6,313.0,365.0,2026-08-28
Dyami Brown,WR,WAS,338.7,32.6,287.0,378.0,2026-08-28
Justin Joly,TE,DEN,338.8,28.0,261.0,378.0,2026-08-28
Jam Miller,RB,NE,339.0,24.1,297.0,371.0,2026-08-28
Chris Blair,WR,ATL,339.0,7.0,332.0,346.0,2026-08-28
Mitch Tinsley,WR,CIN,340.0,42.1,277.0,387.0,2026-08-28
Zavier Scott,RB,MIN,340.2,19.5,317.0,365.0,2026-08-28
Nick Westbrook-Ikhine,WR,IND,341.3,48.5,218.0,412.0,2026-08-28
John Bates,TE,WAS,341.7,36.1,274.0,395.0,2026-08-28
Khalil Herbert,RB,SF,341.8,64.6,231.0,390.0,2026-08-28
Deion Burks,WR,IND,342.3,20.2,319.0,370.0,2026-08-28
Moliki Matavao,TE,NO,343.0,52.0,291.0,395.0,2026-08-28
Jake Browning,QB,TB,343.0,35.0,308.0,378.0,2026-08-28
Ty Simpson,QB,LAR,343.5,21.5,294.0,382.0,2026-08-28
Antonio Gibson,RB,FA,343.7,15.5,325.0,363.0,2026-08-28
Jahdae Walker,WR,CHI,343.8,24.8,307.0,377.0,2026-08-28
Joe Flacco,QB,CIN,343.9,23.5,296.0,381.0,2026-08-28
Michael Woods II,WR,DEN,344.5,51.5,293.0,396.0,2026-08-28
Marlin Klein,TE,HOU,344.8,12.0,323.0,357.0,2026-08-28
Jordan Whittington,WR,LAR,345.0,27.5,307.0,385.0,2026-08-28
Terrell Jennings,RB,FA,345.0,20.6,318.0,375.0,2026-08-28
Elijah Moore,WR,PHI,345.0,39.1,305.0,388.0,2026-08-28
Justin Fields,QB,KC,345.5,22.1,295.0,389.0,2026-08-28
Xavier Restrepo,WR,TEN,346.0,33.0,313.0,379.0,2026-08-28
Noah Fant,TE,NO,346.2,21.8,290.0,383.0,2026-08-28
Anthony Richardson Sr.,QB,IND,346.9,25.1,295.0,392.0,2026-08-28
Dameon Pierce,RB,PHI,347.5,16.2,320.0,365.0,2026-08-28
Jacob Cowing,WR,SF,347.7,24.3,316.0,375.0,2026-08-28
Jeremy McNichols,RB,WAS,347.8,22.5,322.0,385.0,2026-08-28
Cade Klubnik,QB,NYJ,347.8,22.5,325.0,398.0,2026-08-28
Tommy Tremble,TE,CAR,347.9,27.1,295.0,401.0,2026-08-28
Will Kacmarek,TE,MIA,348.0,23.8,320.0,384.0,2026-08-28
Jaylin Lane,WR,WAS,348.6,28.8,298.0,410.0,2026-08-28
Matt Hibner,TE,BAL,348.8,26.0,298.0,370.0,2026-08-28
Jameis Winston,QB,NYG,350.7,19.2,320.0,388.0,2026-08-28
Ben Sinnott,TE,WAS,352.1,15.9,330.0,383.0,2026-08-28
Marcus Mariota,QB,WAS,352.2,27.7,297.0,398.0,2026-08-28
Dominic Zvada,K,NYG,352.5,19.5,333.0,372.0,2026-08-28
Quinn Ewers,QB,MIA,353.0,9.3,345.0,366.0,2026-08-28
Cade Stover,TE,HOU,353.0,4.3,347.0,357.0,2026-08-28
Luke Musgrave,TE,GB,353.9,18.8,300.0,378.0,2026-08-28
Austin Ekeler,RB,FA,354.2,21.5,313.0,385.0,2026-08-28
Elijah Higgins,TE,ARI,354.3,10.3,337.0,370.0,2026-08-28
Joe Milton III,QB,DAL,355.2,23.6,322.0,398.0,2026-08-28
Austin Hooper,TE,ATL,355.4,22.1,309.0,392.0,2026-08-28
Kene Nwangwu,RB,NYJ,356.5,13.5,343.0,370.0,2026-08-28
Greg Dortch,WR,DET,356.8,28.3,302.0,397.0,2026-08-28
Gardner Minshew II,QB,ARI,357.5,22.5,335.0,380.0,2026-08-28
Reggie Virgil,WR,ARI,357.5,13.5,344.0,371.0,2026-08-28
Marquez Valdes-Scantling,WR,DAL,357.7,24.7,323.0,379.0,2026-08-28
Noah Whittington,RB,HOU,359.5,21.5,338.0,381.0,2026-08-28
Tyrod Taylor,QB,GB,360.3,23.5,328.0,383.0,2026-08-28
Cash Jones,RB,ATL,360.5,22.5,338.0,383.0,2026-08-28
Xavier Smith,WR,LAR,361.0,42.4,289.0,397.0,2026-08-28
Tim Patrick,WR,NYJ,361.0,30.1,323.0,397.0,2026-08-28
Damien Martinez,RB,GB,361.3,20.4,332.0,394.0,2026-08-28
Josh Oliver,TE,MIN,361.4,7.7,350.0,372.0,2026-08-28
Daniel Bellinger,TE,TEN,361.4,22.2,312.0,392.0,2026-08-28
Michael Burton,RB,CLE,362.0,36.0,326.0,398.0,2026-08-28
Jalen Reagor,WR,MIA,363.3,30.1,322.0,393.0,2026-08-28
Durham Smythe,TE,BAL,363.5,21.5,342.0,385.0,2026-08-28
Drew Sample,TE,CIN,364.3,8.2,355.0,375.0,2026-08-28
Jimmy Horn Jr.,WR,CAR,365.2,16.9,346.0,384.0,2026-08-28
Mitchell Evans,TE,CAR,365.5,23.4,305.0,395.0,2026-08-28
Tyson Bagent,QB,CHI,366.0,19.0,347.0,385.0,2026-08-28
Zach Ertz,TE,FA,367.8,11.9,349.0,384.0,2026-08-28
KeAndre Lambert-Smith,WR,LAC,368.0,17.0,351.0,385.0,2026-08-28
Tanner Koziol,TE,JAC,368.2,7.8,354.0,377.0,2026-08-28
Riley Leonard,QB,IND,371.2,11.0,351.0,381.0,2026-08-28
Jackson Hawes,TE,BUF,372.8,11.5,357.0,390.0,2026-08-28
Luke Schoonmaker,TE,DAL,375.5,3.5,372.0,379.0,2026-08-28
Nate Boerkircher,TE,JAC,377.0,13.6,362.0,395.0,2026-08-28
Frank Gore Jr.,RB,BUF,377.5,11.5,366.0,389.0,2026-08-28
Josh Cameron,WR,JAC,377.5,4.5,373.0,382.0,2026-08-28
Jeremy Ruckert,TE,NYJ,377.7,5.4,370.0,382.0,2026-08-28
Jaret Patterson,RB,LAC,378.5,14.5,364.0,393.0,2026-08-28
Trey Lance,QB,LAC,378.5,10.5,368.0,389.0,2026-08-28
Tanner Hudson,TE,CIN,380.7,4.5,375.0,386.0,2026-08-28
Velus Jones Jr.,WR,SEA,381.0,3.0,378.0,384.0,2026-08-28
Adam Trautman,TE,DEN,383.0,17.8,361.0,413.0,2026-08-28
Jaydn Ott,RB,KC,383.5,5.5,378.0,389.0,2026-08-28
Lil'Jordan Humphrey,WR,DEN,389.5,16.5,373.0,406.0,2026-08-28
